question,answer,contexts,ground_truth,faithfulness,answer_relevancy,context_precision
O que é Git?,"Git é um sistema de controle de versão (VCS) que foi desenvolvido em 2005, com o objetivo de ser rápido, ter um design simples, oferecer forte suporte para desenvolvimento não linear (com milhares de branches paralelas), ser totalmente distribuído e capaz de lidar eficientemente com grandes projetos, como o kernel do Linux. Git evoluiu para ser fácil de usar, mantendo essas qualidades iniciais, sendo incrivelmente rápido e eficiente em projetos grandes, além de ter um sistema de branching impressionante para desenvolvimento não linear [progit.pdf:p20].","['the creator of Linux) to develop their own tool based on some of the lessons they learned while\nusing BitKeeper. Some of the goals of the new system were as follows:\n• Speed\n• Simple design\n• Strong support for non-linear development (thousands of parallel branches)\n• Fully distributed\n• Able to handle large projects like the Linux kernel efficiently (speed and data size)\nSince its birth in 2005, Git has evolved and matured to be easy to use and yet retain these initial\nqualities. It’s amazingly fast, it’s very efficient with large projects, and it has an incredible\nbranching system for non-linear development (see Git Branching).\nWhat is Git?\nSo, what is Git in a nutshell? This is an important section to absorb, because if you understand what'
 'Pro Git\nScott Chacon, Ben Straub\nVersion 2.1.450, 2026-05-25'
 'A Short History of Git . . . . . . . . . . . . . . . . . . . . . . . . . . . . . . . . . . . . . . . . . . . . . . . . . . . . . . . . . . . . . . . . . . . . \xa014\nWhat is Git? . . . . . . . . . . . . . . . . . . . . . . . . . . . . . . . . . . . . . . . . . . . . . . . . . . . . . . . . . . . . . . . . . . . . . . . . . . . . . \xa014\nThe Command Line . . . . . . . . . . . . . . . . . . . . . . . . . . . . . . . . . . . . . . . . . . . . . . . . . . . . . . . . . . . . . . . . . . . . . . \xa018\nInstalling Git . . . . . . . . . . . . . . . . . . . . . . . . . . . . . . . . . . . . . . . . . . . . . . . . . . . . . . . . . . . . . . . . . . . . . . . . . . . . \xa018'
 'A Short History of Git\nAs with many great things in life, Git began with a bit of creative destruction and fiery controversy.\nThe Linux kernel is an open source software project of fairly large scope.  During the early years of\nthe Linux kernel maintenance (1991–2002), changes to the software were passed around as patches\nand archived files. In 2002, the Linux kernel project began using a proprietary DVCS called\nBitKeeper.\nIn 2005, the relationship between the community that developed the Linux kernel and the\ncommercial company that developed BitKeeper broke down, and the tool’s free-of-charge status\nwas revoked. This prompted the Linux development community (and in particular Linus Torvalds,\nthe creator of Linux) to develop their own tool based on some of the lessons they learned while'
 'Git is and the fundamentals of how it works, then using Git effectively will probably be much easier\nfor you. As you learn Git, try to clear your mind of the things you may know about other VCSs, such\nas CVS, Subversion or Perforce\u2009—\u2009doing so will help you avoid subtle confusion when using the tool.\nEven though Git’s user interface is fairly similar to these other VCSs, Git stores and thinks about\ninformation in a very different way, and understanding these differences will help you avoid\nbecoming confused while using it.\nSnapshots, Not Differences\nThe major difference between Git and any other VCS (Subversion and friends included) is the way\nGit thinks about its data. Conceptually, most other systems store information as a list of file-based']",Git é um sistema distribuído de controle de versão usado para rastrear alterações em arquivos e coordenar o trabalho em projetos.,1.0,0.880573998002924,0.8041666666465626
O que é um commit no Git?,"Um commit no Git é uma ação que registra um novo snapshot permanente do conteúdo dos arquivos que foram preparados (staged) com o comando git add. Esse snapshot é armazenado no banco de dados do Git e atualiza o ponteiro da branch atual para apontar para esse novo commit. Cada commit também cria um objeto de commit que aponta para o snapshot e, se houver commits anteriores, o novo commit armazena um ponteiro para o commit que veio imediatamente antes dele [progit.pdf:p488][progit.pdf:p261][progit.pdf:p70].","['The git commit command takes all the file contents that have been staged with git add and records\na new permanent snapshot in the database and then moves the branch pointer on the current\nbranch up to it.\nWe first cover the basics of committing in Committing Your Changes . There we also demonstrate\nhow to use the -a flag to skip the git add step in daily workflows and how to use the -m flag to pass a\ncommit message in on the command line instead of firing up an editor.\nIn Undoing Things we cover using the --amend option to redo the most recent commit.\nIn Branches in a Nutshell, we go into much more detail about what git commit does and why it does\nit like that.\nWe looked at how to sign commits cryptographically with the -S flag in Signing Commits.'
 'Figure 139. File is copied to index on git add\nThen we run git commit , which takes the contents of the index and saves it as a permanent\nsnapshot, creates a commit object which points to that snapshot, and updates master to point to that\ncommit.\n255'
 'what will go into your next commit. Its technical name in Git parlance is the “index”, but the phrase\n“staging area” works just as well.\nThe Git directory is where Git stores the metadata and object database for your project. This is the\nmost important part of Git, and it is what is copied when you clone a repository from another\ncomputer.\nThe basic Git workflow goes something like this:\n1. You modify files in your working tree.\n2. You selectively stage just those changes you want to be part of your next commit, which adds\nonly those changes to the staging area.\n3. You do a commit, which takes the files as they are in the staging area and stores that snapshot\npermanently to your Git directory.'
 'permanently to your Git directory.\nIf a particular version of a file is in the Git directory, it’s considered committed. If it has been\n17'
 'Figure 9. A commit and its tree\nIf you make some changes and commit again, the next commit stores a pointer to the commit that\ncame immediately before it.\nFigure 10. Commits and their parents\nA branch in Git is simply a lightweight movable pointer to one of these commits. The default branch\nname in Git is master. As you start making commits, you’re given a master branch that points to the\nlast commit you made. Every time you commit, the master branch pointer moves forward\nautomatically.\n\uf05a\nThe “master” branch in Git is not a special branch.  It is exactly like any other\nbranch. The only reason nearly every repository has one is that the git init \ncommand creates it by default and most people don’t bother to change it.\n64']","Um commit registra um snapshot das alterações preparadas no repositório, criando um ponto no histórico do projeto.",1.0,0.9294580041853308,0.94999999997625
Para que serve o git clone?,"O comando git clone serve para obter uma cópia de um repositório Git existente, permitindo que você contribua para um projeto. Ao executar git clone, você recebe uma cópia completa de quase todos os dados que o servidor possui, incluindo todas as versões de todos os arquivos da história do projeto. Isso significa que, em caso de corrupção do disco do servidor, você pode usar qualquer uma das cópias clonadas para restaurar o estado do servidor [progit.pdf:p33].","['If you want to get a copy of an existing Git repository\u2009—\u2009for example, a project you’d like to\ncontribute to\u2009—\u2009the command you need is git clone. If you’re familiar with other VCSs such as\nSubversion, you’ll notice that the command is ""clone"" and not ""checkout"". This is an important\ndistinction\u2009—\u2009instead of getting just a working copy, Git receives a full copy of nearly all data that\nthe server has. Every version of every file for the history of the project is pulled down by default\nwhen you run git clone. In fact, if your server disk gets corrupted, you can often use nearly any of\nthe clones on any client to set the server back to the state it was in when it was cloned (you may\nlose some server-side hooks and such, but all the versioned data would be there\u2009—\u2009see Getting Git'
 'something like this:\n$ git clone /srv/git/project.git\n105'
 'Or you can do this:\n$ git clone file:///srv/git/project.git\nGit operates slightly differently if you explicitly specify file:// at the beginning of the URL. If you\njust specify the path, Git tries to use hardlinks or directly copy the files it needs. If you specify\nfile://, Git fires up the processes that it normally uses to transfer data over a network, which is\ngenerally much less efficient. The main reason to specify the file:// prefix is if you want a clean\ncopy of the repository with extraneous references or objects left out\u2009—\u2009generally after an import\nfrom another VCS or something similar (see Git Internals  for maintenance tasks). We’ll use the\nnormal path here because doing so is almost always faster.'
 'remote ( git remote add ) to the URL that you pass it (by default named origin), runs a git fetch\nfrom that remote repository and then checks out the latest commit into your working directory\nwith git checkout.\nThe git clone command is used in dozens of places throughout the book, but we’ll just list a few\ninteresting places.\nIt’s basically introduced and explained in Cloning an Existing Repository , where we go through a\nfew examples.\nIn Getting Git on a Server we look at using the --bare option to create a copy of a Git repository with\nno working directory.\nIn Bundling we use it to unbundle a bundled Git repository.\n480'
 'traffic for a public project or serving a very large project that doesn’t require user authentication\nfor read access, it’s likely that you’ll want to set up a Git daemon to serve your project. It uses the\nsame data-transfer mechanism as the SSH protocol but without the encryption and authentication\noverhead.\nThe Cons\nDue to the lack of TLS or other cryptography, cloning over git:// might lead to an arbitrary code\nexecution vulnerability, and should therefore be avoided unless you know what you are doing.\n109']","O git clone cria uma cópia local de um repositório existente, incluindo seu histórico e referências principais.",0.8,0.8899095542612513,0.999999999975
Para que serve uma branch no Git?,"Uma branch no Git serve como um ponteiro ou referência para o cabeçalho de uma linha de trabalho. Ela permite que você diverja da linha principal de desenvolvimento e continue a trabalhar sem interferir nessa linha principal. Isso possibilita a criação, trabalho, fusão e exclusão de branches várias vezes ao dia, facilitando a organização do trabalho em silos temáticos, o que torna mais fácil a revisão de código e a gestão de mudanças [progit.pdf:p432][progit.pdf:p90].","['There are just a handful of commands that implement most of the branching and merging\nfunctionality in Git.\ngit branch\nThe git branch  command is actually something of a branch management tool. It can list the\nbranches you have, create a new branch, delete branches and rename branches.\nMost of Git Branching  is dedicated to the branch command and it’s used throughout the entire\nchapter. We first introduce it in Creating a New Branch  and we go through most of its other\nfeatures (listing and deleting) in Branch Management.\nIn Tracking Branches we use the git branch -u option to set up a tracking branch.\nFinally, we go through some of what it does in the background in Git References.\n483'
 'Git Branching\nNearly every VCS has some form of branching support. Branching means you diverge from the\nmain line of development and continue to do work without messing with that main line. In many\nVCS tools, this is a somewhat expensive process, often requiring you to create a new copy of your\nsource code directory, which can take a long time for large projects.\nSome people refer to Git’s branching model as its “killer feature,” and it certainly sets Git apart in\nthe VCS community. Why is it so special? The way Git branches is incredibly lightweight, making\nbranching operations nearly instantaneous, and switching back and forth between branches\ngenerally just as fast. Unlike many other VCSs, Git encourages workflows that branch and merge'
 'generally just as fast. Unlike many other VCSs, Git encourages workflows that branch and merge\noften, even multiple times in a day. Understanding and mastering this feature gives you a powerful\nand unique tool and can entirely change the way that you develop.\nBranches in a Nutshell\nTo really understand the way Git does branching, we need to take a step back and examine how Git\nstores its data.\nAs you may remember from What is Git? , Git doesn’t store data as a series of changesets or\ndifferences, but instead as a series of snapshots.\nWhen you make a commit, Git stores a commit object that contains a pointer to the snapshot of the\ncontent you staged. This object also contains the author’s name and email address, the message that'
 'branches. But in Git it’s common to create, work on, merge, and delete branches several times a day.\nYou saw this in the last section with the iss53 and hotfix branches you created. You did a few\ncommits on them and deleted them directly after merging them into your main branch. This\ntechnique allows you to context-switch quickly and completely\u2009—\u2009because your work is separated\ninto silos where all the changes in that branch have to do with that topic, it’s easier to see what has\nhappened during code review and such. You can keep the changes there for minutes, days, or\nmonths, and merge them in when they’re ready, regardless of the order in which they were created\nor worked on.\nConsider an example of doing some work (on master), branching off for an issue (iss91), working on'
 'That’s basically what a branch in Git is: a simple pointer or reference to the head of a line of work.\nTo create a branch back at the second commit, you can do this:\n$ git update-ref refs/heads/test cac0ca\nYour branch will contain only work from that commit down:\n$ git log --pretty=oneline test\ncac0cab538b970a37ea1e769cbbde608743bc96d Second commit\nfdf4fc3344e67ab068f836878b6c4951e3b15f3d First commit\nNow, your Git database conceptually looks something like this:\nFigure 176. Git directory objects with branch head references included\nWhen you run commands like git branch <branch>, Git basically runs that update-ref command to\nadd the SHA-1 of the last commit of the branch you’re on into whatever new reference you want to\ncreate.\nThe HEAD']","Uma branch permite trabalhar em uma linha separada de desenvolvimento, facilitando alterações paralelas sem afetar diretamente a linha principal.",0.8181818181818182,0.9040474852848533,0.99999999998
O que acontece em um merge?,"Durante um merge no Git, o sistema tenta combinar as alterações de duas branches diferentes. Se as alterações não conflitam, o Git cria um novo snapshot que resulta dessa combinação e gera um novo commit, conhecido como merge commit, que possui mais de um pai. No entanto, se houver conflitos, como quando as mesmas partes de um arquivo foram alteradas de maneira diferente nas duas branches, o Git não conseguirá realizar o merge automaticamente e será necessário resolver esses conflitos manualmente antes de concluir o merge [progit.pdf:p82].","['reset [commit] <paths> NO YES NO YES\ncheckout [commit] <paths> NO YES YES NO\nAdvanced Merging\nMerging in Git is typically fairly easy. Since Git makes it easy to merge another branch multiple\ntimes, it means that you can have a very long lived branch but you can keep it up to date as you go,\nsolving small conflicts often, rather than be surprised by one enormous conflict at the end of the\nseries.\nHowever, sometimes tricky conflicts do occur. Unlike some other version control systems, Git does\nnot try to be overly clever about merge conflict resolution. Git’s philosophy is to be smart about\ndetermining when a merge resolution is unambiguous, but if there is a conflict, it does not try to be\nclever about automatically resolving it. Therefore, if you wait too long to merge two branches that'
 ""branch causes conflicts.\n$ git merge mundo\nAuto-merging hello.rb\nCONFLICT (content): Merge conflict in hello.rb\nResolved 'hello.rb' using previous resolution.\nAutomatic merge failed; fix conflicts and then commit the result.\nHowever if we run it with -Xours or -Xtheirs it does not.\n$ git merge -Xours mundo\nAuto-merging hello.rb\n285""
 'merges you can do, as well as see how to back out of merges that you’ve done.\nMerge Conflicts\nWhile we covered some basics on resolving merge conflicts in Basic Merge Conflicts , for more\ncomplex conflicts, Git provides a few tools to help you figure out what’s going on and how to better\ndeal with the conflict.\nFirst of all, if at all possible, try to make sure your working directory is clean before doing a merge\nthat may have conflicts. If you have work in progress, either commit it to a temporary branch or\nstash it. This makes it so that you can undo anything you try here. If you have unsaved changes in\nyour working directory when you try a merge, some of these tips may help you preserve that work.'
 ""what the merge introduced, you can run git diff --ours:\n$ git diff --ours\n* Unmerged path hello.rb\ndiff --git a/hello.rb b/hello.rb\nindex 36c06c8..44d0a25 100755\n--- a/hello.rb\n+++ b/hello.rb\n@@ -2,7 +2,7 @@\n\xa0# prints out a greeting\n\xa0def hello\n-  puts 'hello world'\n+  puts 'hello mundo'\n\xa0end\n\xa0hello()\nSo here we can easily see that what happened in our branch, what we’re actually introducing to\nthis file with this merge, is changing that single line.\nIf we want to see how the result of the merge differed from what was on their side, you can run git\ndiff --theirs. In this and the following example, we have to use -b to strip out the whitespace\nbecause we’re comparing it to what is in Git, not our cleaned up hello.theirs.rb file.\n$ git diff --theirs -b\n* Unmerged path hello.rb""
 'Figure 24. Three snapshots used in a typical merge\nInstead of just moving the branch pointer forward, Git creates a new snapshot that results from this\nthree-way merge and automatically creates a new commit that points to it. This is referred to as a\nmerge commit, and is special in that it has more than one parent.\nFigure 25. A merge commit\nNow that your work is merged in, you have no further need for the iss53 branch. You can close the\nissue in your issue-tracking system, and delete the branch:\n$ git branch -d iss53\nBasic Merge Conflicts\nOccasionally, this process doesn’t go smoothly. If you changed the same part of the same file\ndifferently in the two branches you’re merging, Git won’t be able to merge them cleanly. If your fix']","Um merge combina alterações de uma branch em outra, integrando históricos e podendo gerar conflitos quando as mesmas partes de arquivos foram alteradas.",1.0,0.8507763678925131,0.99999999998
Qual é a diferença entre git fetch e git pull?,"A diferença entre `git fetch` e `git pull` é que o `git fetch` apenas comunica-se com um repositório remoto e baixa todas as informações que não estão no seu repositório local, sem modificar seu diretório de trabalho. Já o `git pull` é uma combinação do `git fetch` seguido de um `git merge`, ou seja, ele busca as alterações do repositório remoto e tenta mesclá-las imediatamente na branch atual em que você está trabalhando [progit.pdf:p100].","['default in The Refspec.\ngit pull\nThe git pull command is basically a combination of the git fetch and git merge commands, where\nGit will fetch from the remote you specify and then immediately try to merge it into the branch\nyou’re on.\nWe introduce it quickly in Fetching and Pulling from Your Remotes  and show how to see what it\nwill merge if you run it in Inspecting a Remote.\nWe also see how to use it to help with rebasing difficulties in Rebase When You Rebase.\nWe show how to use it with a URL to pull in changes in a one-off fashion in Checking Out Remote\nBranches.\nFinally, we very quickly mention that you can use the --verify-signatures option to it in order to\nverify that commits you are pulling have been GPG signed in Signing Commits.\ngit push'
 'elsewhere, there are a handful of commands that deal with remote repositories.\ngit fetch\nThe git fetch  command communicates with a remote repository and fetches down all the\ninformation that is in that repository that is not in your current one and stores it in your local\ndatabase.\nWe first look at this command in Fetching and Pulling from Your Remotes  and we continue to see\nexamples of its use in Remote Branches.\nWe also use it in several of the examples in Contributing to a Project.\nWe use it to fetch a single specific reference that is outside of the default space in Pull Request Refs\nand we see how to fetch from a bundle in Bundling.\nWe set up highly custom refspecs in order to make git fetch do something a little different than the\ndefault in The Refspec.\ngit pull'
 'Fetching and Pulling from Your Remotes\nAs you just saw, to get data from your remote projects, you can run:\n$ git fetch <remote>\nThe command goes out to that remote project and pulls down all the data from that remote project\nthat you don’t have yet. After you do this, you should have references to all the branches from that\nremote, which you can merge in or inspect at any time.\nIf you clone a repository, the command automatically adds that remote repository under the name\n“origin”. So, git fetch origin fetches any new work that has been pushed to that server since you\n52'
 'servers locally. If you want totally up to date ahead and behind numbers, you’ll need to fetch from\nall your remotes right before running this. You could do that like this:\n$ git fetch --all; git branch -vv\nPulling\nWhile the git fetch command will fetch all the changes on the server that you don’t have yet, it will\nnot modify your working directory at all. It will simply get the data for you and let you merge it\nyourself. However, there is a command called git pull which is essentially a git fetch immediately\nfollowed by a git merge in most cases. If you have a tracking branch set up as demonstrated in the\nlast section, either by explicitly setting it or by having it created for you by the clone or checkout'
 '$ git log origin/master\n$ git log remotes/origin/master\n$ git log refs/remotes/origin/master\nThey’re all equivalent, because Git expands each of them to refs/remotes/origin/master.\nIf you want Git instead to pull down only the master branch each time, and not every other branch\non the remote server, you can change the fetch line to refer to that branch only:\nfetch = +refs/heads/master:refs/remotes/origin/master\nThis is just the default refspec for git fetch for that remote. If you want to do a one-time only fetch,\nyou can specify the specific refspec on the command line, too. To pull the master branch on the\nremote down to origin/mymaster locally, you can run:\n$ git fetch origin master:refs/remotes/origin/mymaster']","O git fetch baixa alterações do repositório remoto sem integrá-las automaticamente, enquanto o git pull baixa e tenta integrar essas alterações à branch atual.",1.0,0.9292185164005126,0.99999999998
O que é um repositório remoto no Git?,"Um repositório remoto no Git é uma versão do seu projeto que está hospedada na Internet ou em uma rede. Você pode ter vários repositórios remotos, que geralmente são de leitura ou leitura/escrita para você. Colaborar com outros envolve gerenciar esses repositórios remotos e realizar operações de push e pull para compartilhar o trabalho. Um repositório remoto é geralmente um repositório bare, ou seja, um repositório Git que não possui um diretório de trabalho, sendo utilizado apenas como um ponto de colaboração [progit.pdf:p56][progit.pdf:p111].","['To be able to collaborate on any Git project, you need to know how to manage your remote\nrepositories. Remote repositories are versions of your project that are hosted on the Internet or\nnetwork somewhere. You can have several of them, each of which generally is either read-only or\nread/write for you. Collaborating with others involves managing these remote repositories and\npushing and pulling data to and from them when you need to share work. Managing remote\nrepositories includes knowing how to add remote repositories, remove remotes that are no longer\nvalid, manage various remote branches and define them as being tracked or not, and more. In this\nsection, we’ll cover some of these remote-management skills.\n\uf05a\nRemote repositories can be on your local machine.'
 'The git remote command is a management tool for your record of remote repositories. It allows\nyou to save long URLs as short handles, such as “origin” so you don’t have to type them out all the\ntime. You can have several of these and the git remote command is used to add, change and delete\nthem.\nThis command is covered in detail in Working with Remotes , including listing, adding, removing\nand renaming them.\nIt is used in nearly every subsequent chapter in the book too, but always in the standard git remote\nadd <name> <url> format.\ngit archive\nThe git archive command is used to create an archive file of a specific snapshot of the project.\nWe use git archive to create a tarball of a project for sharing in Preparing a Release.\ngit submodule'
 ""elsewhere. Working with such a remote repository would still involve all the\nstandard pushing, pulling and fetching operations as with any other remote.\nShowing Your Remotes\nTo see which remote servers you have configured, you can run the git remote command. It lists the\nshortnames of each remote handle you’ve specified. If you’ve cloned your repository, you should at\nleast see origin\u2009—\u2009that is the default name Git gives to the server you cloned from:\n$ git clone https://github.com/schacon/ticgit\nCloning into 'ticgit'...\nremote: Reusing existing pack: 1857, done.\nremote: Total 1857 (delta 0), reused 0 (delta 0)\nReceiving objects: 100% (1857/1857), 374.35 KiB | 268.00 KiB/s, done.\nResolving deltas: 100% (772/772), done.\nChecking connectivity... done.\n$ cd ticgit\n$ git remote\norigin""
 'see some options for setting up a hosted account and then move on to the next chapter, where we\ndiscuss the various ins and outs of working in a distributed source control environment.\nA remote repository is generally a bare repository\u2009—\u2009a Git repository that has no working directory.\nBecause the repository is only used as a collaboration point, there is no reason to have a snapshot\nchecked out on disk; it’s just the Git data. In the simplest terms, a bare repository is the contents of\nyour project’s .git directory and nothing else.\nThe Protocols\nGit can use four distinct protocols to transfer data: Local, HTTP, Secure Shell (SSH) and Git. Here\nwe’ll discuss what they are and in what basic circumstances you would want (or not want) to use\nthem.\nLocal Protocol'
 'Git stores the value you last pushed to that remote for each branch in the refs/remotes directory.\nFor instance, you can add a remote called origin and push your master branch to it:\n$ git remote add origin git@github.com:schacon/simplegit-progit.git\n$ git push origin master\nCounting objects: 11, done.\nCompressing objects: 100% (5/5), done.\nWriting objects: 100% (7/7), 716 bytes, done.\nTotal 7 (delta 2), reused 4 (delta 1)\nTo git@github.com:schacon/simplegit-progit.git\n428']","Um repositório remoto é uma versão do projeto hospedada em outro local, usada para colaboração, envio e recebimento de alterações.",1.0,0.9268339168908755,0.8041666666465626
Para que serve o GitHub no contexto do livro Pro Git?,"O GitHub serve como um ponto central de colaboração para milhões de desenvolvedores e projetos, sendo amplamente utilizado para hospedagem de repositórios Git, rastreamento de problemas, revisão de código e outras funcionalidades. O livro Pro Git aborda como usar o GitHub de forma eficaz, incluindo a criação e gerenciamento de contas, criação e uso de repositórios Git, e fluxos de trabalho comuns para contribuir em projetos e aceitar contribuições. Além disso, o livro menciona a interface programática do GitHub e oferece dicas para facilitar a vida dos usuários [progit.pdf:p172].","['GitHub\nGitHub is the single largest host for Git repositories, and is the central point of collaboration for\nmillions of developers and projects. A large percentage of all Git repositories are hosted on GitHub,\nand many open-source projects use it for Git hosting, issue tracking, code review, and other things.\nSo while it’s not a direct part of the Git open source project, there’s a good chance that you’ll want\nor need to interact with GitHub at some point while using Git professionally.\nThis chapter is about using GitHub effectively. We’ll cover signing up for and managing an account,\ncreating and using Git repositories, common workflows to contribute to projects and to accept\ncontributions to yours, GitHub’s programmatic interface and lots of little tips to make your life'
 'which I was never very comfortable with. I didn’t much like that I was writing what I felt was\nessentially a community resource and also talking about my company in it. While I still don’t love\nthat conflict of interests, the importance of GitHub in the Git community is unavoidable. Instead of\nan example of Git hosting, I have decided to turn that part of the book into more deeply describing\nwhat GitHub is and how to effectively use it. If you are going to learn how to use Git then knowing\nhow to use GitHub will help you take part in a huge community, which is valuable no matter which\nGit host you decide to use for your own code.\nThe other large change in the time since the last publishing has been the development and rise of'
 'at a very little known company developing a Git hosting website called GitHub. At the time of\npublishing there were maybe a few thousand people using the site and just four of us working on it.\nAs I write this introduction, GitHub is announcing our 10 millionth hosted project, with nearly 5\nmillion registered developer accounts and over 230 employees. Love it or hate it, GitHub has\nheavily changed large swaths of the Open Source community in a way that was barely conceivable\nwhen I sat down to write the first edition.\nI wrote a small section in the original version of Pro Git about GitHub as an example of hosted Git\nwhich I was never very comfortable with. I didn’t much like that I was writing what I felt was'
 'your organization or on your own personal server for collaboration. We will also explore various\nhosted options if you prefer to let someone else handle that for you.\nChapter 5  will go over in full detail various distributed workflows and how to accomplish them\nwith Git. When you are done with this chapter, you should be able to work expertly with multiple\nremote repositories, use Git over email and deftly juggle numerous remote branches and\ncontributed patches.\nChapter 6  covers the GitHub hosting service and tooling in depth. We cover signing up for and\nmanaging an account, creating and using Git repositories, common workflows to contribute to\nprojects and to accept contributions to yours, GitHub’s programmatic interface and lots of little tips\nto make your life easier in general.'
 'contributions to yours, GitHub’s programmatic interface and lots of little tips to make your life\neasier in general.\nIf you are not interested in using GitHub to host your own projects or to collaborate with other\nprojects that are hosted on GitHub, you can safely skip to Git Tools.\n\uf071\nInterfaces Change\nIt’s important to note that like many active websites, the UI elements in these\nscreenshots are bound to change over time. Hopefully the general idea of what\nwe’re trying to accomplish here will still be there, but if you want more up to date\nversions of these screens, the online versions of this book may have newer\nscreenshots.\nAccount Setup and Configuration\nThe first thing you need to do is set up a free user account. Simply visit https://github.com, choose a']","O GitHub é apresentado como uma plataforma de hospedagem e colaboração em repositórios Git, com recursos como forks, pull requests e issues.",1.0,0.8734471857703069,0.99999999998
O que é o comando git reset?,"O comando `git reset` é utilizado para manipular o ponteiro HEAD e, dependendo da opção utilizada, pode afetar o índice e o diretório de trabalho. Ele realiza até três operações básicas: mover o ponteiro HEAD para um commit específico, atualizar o índice para refletir o estado do commit apontado por HEAD e, em alguns casos, atualizar o diretório de trabalho para coincidir com o índice. O comportamento do `git reset` pode variar conforme as opções utilizadas, como `--soft`, `--mixed` ou `--hard`, cada uma afetando o estado do repositório de maneira diferente [progit.pdf:p266][progit.pdf:p269][progit.pdf:p289].","['Figure 144. Git repository with three commits\nLet’s now walk through exactly what reset does when you call it. It directly manipulates these three\ntrees in a simple and predictable way. It does up to three basic operations.\nStep 1: Move HEAD\nThe first thing reset will do is move what HEAD points to. This isn’t the same as changing HEAD\nitself (which is what checkout does); reset moves the branch that HEAD is pointing to. This means if\nHEAD is set to the master branch (i.e. you’re currently on the master branch), running git reset\n9e5e6a4 will start by making master point to 9e5e6a4.\n260'
 'Figure 147. Hard reset\nSo let’s think about what just happened. You undid your last commit, the git add and git commit\ncommands, and all the work you did in your working directory.\nIt’s important to note that this flag ( --hard) is the only way to make the reset command dangerous,\nand one of the very few cases where Git will actually destroy data. Any other invocation of reset\ncan be pretty easily undone, but the --hard option cannot, since it forcibly overwrites files in the\nworking directory. In this particular case, we still have the v3 version of our file in a commit in our\nGit DB, and we could get it back by looking at our reflog, but if we had not committed it, Git still\nwould have overwritten the file and it would be unrecoverable.\nRecap'
 'Figure 156. History after git reset --hard HEAD~\nWe covered reset back in Reset Demystified, so it shouldn’t be too hard to figure out what’s going\non here. Here’s a quick refresher: reset --hard usually goes through three steps:\n1. Move the branch HEAD points to. In this case, we want to move master to where it was before\nthe merge commit (C6).\n2. Make the index look like HEAD.\n3. Make the working directory look like the index.\nThe downside of this approach is that it’s rewriting history, which can be problematic with a shared\nrepository. Check out The Perils of Rebasing for more on what can happen; the short version is that\nif other people have the commits you’re rewriting, you should probably avoid reset. This approach'
 'Figure 145. Soft reset\nNo matter what form of reset with a commit you invoke, this is the first thing it will always try to\ndo. With reset --soft, it will simply stop there.\nNow take a second to look at that diagram and realize what happened: it essentially undid the last\ngit commit command. When you run git commit, Git creates a new commit and moves the branch\nthat HEAD points to up to it. When you reset back to HEAD~ (the parent of HEAD), you are moving\nthe branch back to where it was, without changing the index or working directory. You could now\nupdate the index and run git commit again to accomplish what git commit --amend would have done\n(see Changing the Last Commit).\nStep 2: Updating the Index (--mixed)'
 'Reset With a Path\nThat covers the behavior of reset in its basic form, but you can also provide it with a path to act\nupon. If you specify a path, reset will skip step 1, and limit the remainder of its actions to a specific\nfile or set of files. This actually sort of makes sense\u2009—\u2009HEAD is just a pointer, and you can’t point to\npart of one commit and part of another. But the index and working directory can be partially\nupdated, so reset proceeds with steps 2 and 3.\nSo, assume we run git reset file.txt . This form (since you did not specify a commit SHA-1 or\nbranch, and you didn’t specify --soft or --hard) is shorthand for git reset --mixed HEAD file.txt ,\nwhich will:\n1. Move the branch HEAD points to (skipped).\n2. Make the index look like HEAD (stop here).']","O git reset é um comando usado para mover referências e alterar o estado do índice e da árvore de trabalho, dependendo do modo utilizado.",1.0,0.8912769367874392,0.99999999998
O que são objetos internos do Git?,"Os objetos internos do Git são as unidades fundamentais de armazenamento que representam o conteúdo do repositório. Existem três tipos principais de objetos: blobs, trees e commits. Os blobs armazenam o conteúdo dos arquivos, as trees representam diretórios e a estrutura de arquivos, e os commits registram as alterações e a história do repositório. Esses objetos são armazenados no diretório .git/objects e são referenciados por chaves únicas geradas pelo Git, permitindo um sistema de armazenamento endereçado por conteúdo [progit.pdf:p428].","['hooks/\ninfo/\nobjects/\nrefs/\nDepending on your version of Git, you may see some additional content there, but this is a fresh git\ninit repository\u2009—\u2009it’s what you see by default. The description file is used only by the GitWeb\nprogram, so don’t worry about it. The config file contains your project-specific configuration\noptions, and the info directory keeps a global exclude file  for ignored patterns that you don’t want\nto track in a .gitignore file. The hooks directory contains your client- or server-side hook scripts,\nwhich are discussed in detail in Git Hooks.\nThis leaves four important entries: the HEAD and (yet to be created) index files, and the objects and\nrefs directories. These are the core parts of Git. The objects directory stores all the content for your'
 'Figure 175. All the reachable objects in your Git directory\nObject Storage\nWe mentioned earlier that there is a header stored with every object you commit to your Git object\ndatabase. Let’s take a minute to see how Git stores its objects. You’ll see how to store a blob\nobject\u2009—\u2009in this case, the string “what is up, doc?”\u2009—\u2009interactively in the Ruby scripting language.\nYou can start up interactive Ruby mode with the irb command:\n$ irb\n>> content = ""what is up, doc?""\n=> ""what is up, doc?""\nGit first constructs a header which starts by identifying the type of object\u2009—\u2009in this case, a blob. To\nthat first part of the header, Git adds a space followed by the size in bytes of the content, and adding\na final null byte:\n>> header = ""blob #{content.bytesize}\\0""\n=> ""blob 16\\u0000""'
 'database, the refs directory stores pointers into commit objects in that data (branches, tags,\nremotes and more), the HEAD file points to the branch you currently have checked out, and the index\nfile is where Git stores your staging area information. You’ll now look at each of these sections in\ndetail to see how Git operates.\nGit Objects\nGit is a content-addressable filesystem. Great. What does that mean? It means that at the core of Git\nis a simple key-value data store. What this means is that you can insert any kind of content into a\nGit repository, for which Git will hand you back a unique key you can use later to retrieve that\ncontent.\nAs a demonstration, let’s look at the plumbing command git hash-object, which takes some data,'
 'As a demonstration, let’s look at the plumbing command git hash-object, which takes some data,\nstores it in your .git/objects directory (the object database), and gives you back the unique key that\nnow refers to that data object.\nFirst, you initialize a new Git repository and verify that there is (predictably) nothing in the objects\ndirectory:\n$ git init test\nInitialized empty Git repository in /tmp/test/.git/\n$ cd test\n$ find .git/objects\n.git/objects\n.git/objects/info\n.git/objects/pack\n$ find .git/objects -type f\nGit has initialized the objects directory and created pack and info subdirectories in it, but there are\nno regular files. Now, let’s use git hash-object to create a new data object and manually store it in\nyour new Git database:'
 'writes commit objects that reference the top-level trees and the commits that came immediately\nbefore them. These three main Git objects\u2009—\u2009the blob, the tree, and the commit\u2009—\u2009are initially stored\nas separate files in your .git/objects directory. Here are all the objects in the example directory\nnow, commented with what they store:\n$ find .git/objects -type f\n.git/objects/01/55eb4229851634a0f03eb265b69f5a2d56f341 # tree 2\n.git/objects/1a/410efbd13591db07496601ebc7a059dd55cfe9 # commit 3\n.git/objects/1f/7a7a472abf3dd9643fd615f6da379c4acb3e3a # test.txt v2\n.git/objects/3c/4e9cd789d88d8d89c1073707c3585e41b0e614 # tree 3\n.git/objects/83/baae61804e65cc73a7201a7252750c76066a30 # test.txt v1\n.git/objects/ca/c0cab538b970a37ea1e769cbbde608743bc96d # commit 2']","Objetos internos do Git são estruturas usadas para armazenar dados e histórico, incluindo blobs, trees, commits e tags.",1.0,0.9378400017679224,0.99999999998
